CodigoTerritorial,CodigoMesa,Mesa,NroVotantes
10101,10101001001,1,339
10101,10101001002,2,920
10101,10101001003,3,894
10102,10102002001,1,175
10102,10102002002,2,661
10102,10102002003,3,756
10102,10102002004,4,73
10102,10102002005,5,925
10102,10102002006,6,24
10102,10102002007,7,695
10102,10102002008,8,636
10102,10102002009,9,606
10102,10102002010,10,799
10102,10102002011,11,595
10102,10102002012,12,133
10102,10102002013,13,800
10102,10102002014,14,930
10102,10102002015,15,622
10102,10102002016,16,940
10102,10102002017,17,18
10103,10103003001,1,898
10103,10103003002,2,951
10103,10103003003,3,683
10103,10103003004,4,13
10103,10103003005,5,871
10103,10103003006,6,170
10103,10103003007,7,619
10103,10103003008,8,882
10201,10201004001,1,815
10201,10201004002,2,69
10201,10201004003,3,673
10201,10201004004,4,182
10201,10201004005,5,863
10201,10201004006,6,805
10201,10201004007,7,995
10201,10201004008,8,785
10201,10201004009,9,111
10201,10201004010,10,683
10201,10201004011,11,121
10201,10201004012,12,164
10201,10201004013,13,721
10201,10201004014,14,241
10201,10201004015,15,493
10201,10201004016,16,45
10201,10201004017,17,994
10201,10201004018,18,583
10201,10201004019,19,85
10202,10202005001,1,10
10202,10202005002,2,74
10301,10301006001,1,829
10301,10301006002,2,737
10301,10301006003,3,185
10301,10301006004,4,920
10301,10301006005,5,120
10301,10301006006,6,162
10301,10301006007,7,79
10301,10301006008,8,322
10301,10301006009,9,741
10301,10301006010,10,325
10301,10301006011,11,926
10301,10301006012,12,304
10301,10301006013,13,317
10302,10302007001,1,61
10302,10302007002,2,361
10302,10302007003,3,5
10302,10302007004,4,1
10302,10302007005,5,709
10302,10302007006,6,198
10302,10302007007,7,888
10302,10302007008,8,468
10302,10302007009,9,791
10302,10302007010,10,916
10302,10302007011,11,140
10302,10302007012,12,467
10302,10302007013,13,403
10302,10302007014,14,937
10302,10302007015,15,624
10302,10302007016,16,176
10302,10302007017,17,600
10302,10302007018,18,913
10302,10302007019,19,722
10302,10302007020,20,512
10303,10303008001,1,59
10303,10303008002,2,5
10303,10303008003,3,7
10303,10303008004,4,448
10303,10303008005,5,250
10303,10303008006,6,550
10303,10303008007,7,572
10303,10303008008,8,803
10303,10303008009,9,611
10303,10303008010,10,580
10303,10303008011,11,602
10303,10303008012,12,609
10303,10303008013,13,490
10303,10303008014,14,175
10303,10303008015,15,864
10303,10303008016,16,549
10303,10303008017,17,729
10303,10303008018,18,484
10303,10303008019,19,425
10303,10303008020,20,122
10304,10304009001,1,272
10304,10304009002,2,531
10304,10304009003,3,463
10304,10304009004,4,739
10401,10401010001,1,945
10401,10401010002,2,961
10401,10401010003,3,605
10401,10401010004,4,307
10402,10402011001,1,679
10403,10403012001,1,132
10403,10403012002,2,135
10403,10403012003,3,18
10403,10403012004,4,149
10403,10403012005,5,547
10403,10403012006,6,798
10403,10403012007,7,38
10403,10403012008,8,142
10403,10403012009,9,981
10404,10404013001,1,494
10404,10404013002,2,754
10404,10404013003,3,639
10404,10404013004,4,85
10404,10404013005,5,61
10404,10404013006,6,762
10404,10404013007,7,641
10404,10404013008,8,742
10404,10404013009,9,115
10405,10405014001,1,734
10405,10405014002,2,815
10405,10405014003,3,727
10405,10405014004,4,486
10405,10405014005,5,99
10405,10405014006,6,678
10405,10405014007,7,18
10405,10405014008,8,892
10405,10405014009,9,102
10405,10405014010,10,498
10405,10405014011,11,864
10405,10405014012,12,23
10405,10405014013,13,761
10405,10405014014,14,901
10405,10405014015,15,779
10501,10501015001,1,482
10501,10501015002,2,477
10501,10501015003,3,543
10501,10501015004,4,373
10501,10501015005,5,678
10501,10501015006,6,76
10501,10501015007,7,180
10501,10501015008,8,7
10501,10501015009,9,611
10501,10501015010,10,153
10501,10501015011,11,569
10501,10501015012,12,158
10501,10501015013,13,190
10501,10501015014,14,322
10501,10501015015,15,127
10502,10502016001,1,641
10502,10502016002,2,836
10502,10502016003,3,763
10502,10502016004,4,134
10502,10502016005,5,587
10502,10502016006,6,214
10502,10502016007,7,151
10502,10502016008,8,803
10502,10502016009,9,686
10502,10502016010,10,803
10502,10502016011,11,387
10502,10502016012,12,444
10502,10502016013,13,705
10601,10601017001,1,236
10601,10601017002,2,354
10601,10601017003,3,620
10601,10601017004,4,436
10601,10601017005,5,232
10601,10601017006,6,250
10602,10602018001,1,373
10602,10602018002,2,525
10602,10602018003,3,797
10602,10602018004,4,678
10602,10602018005,5,825
10602,10602018006,6,579
10701,10701019001,1,314
10701,10701019002,2,758
10701,10701019003,3,85
10701,10701019004,4,969
10701,10701019005,5,505
10701,10701019006,6,653
10701,10701019007,7,560
10701,10701019008,8,604
10702,10702020001,1,162
10702,10702020002,2,71
10702,10702020003,3,936
10702,10702020004,4,637
10702,10702020005,5,875
10702,10702020006,6,707
10702,10702020007,7,247
10702,10702020008,8,521
10702,10702020009,9,274
10702,10702020010,10,42
10702,10702020011,11,144
10702,10702020012,12,342
10702,10702020013,13,834
10702,10702020014,14,72
10703,10703021001,1,660
10704,10704022001,1,887
10704,10704022002,2,519
10704,10704022003,3,120
10704,10704022004,4,518
10704,10704022005,5,501
10704,10704022006,6,342
10704,10704022007,7,602
10704,10704022008,8,752
10704,10704022009,9,182
10704,10704022010,10,340
10704,10704022011,11,902
10704,10704022012,12,776
10704,10704022013,13,117
10704,10704022014,14,781
10801,10801023001,1,28
10801,10801023002,2,411
10801,10801023003,3,534
10801,10801023004,4,849
10801,10801023005,5,700
10801,10801023006,6,583
10801,10801023007,7,997
10801,10801023008,8,434
10801,10801023009,9,730
10801,10801023010,10,729
10801,10801023011,11,698
10801,10801023012,12,843
10801,10801023013,13,575
10801,10801023014,14,813
10801,10801023015,15,663
10801,10801023016,16,130
10801,10801023017,17,257
10801,10801023018,18,743
10901,10901024001,1,21
10901,10901024002,2,724
10901,10901024003,3,120
10901,10901024004,4,597
10901,10901024005,5,577
10901,10901024006,6,341
10901,10901024007,7,462
10901,10901024008,8,62
10901,10901024009,9,878
10901,10901024010,10,185
10902,10902025001,1,331
10902,10902025002,2,972
10902,10902025003,3,419
10902,10902025004,4,74
10902,10902025005,5,518
10902,10902025006,6,60
10902,10902025007,7,324
10902,10902025008,8,571
10902,10902025009,9,557
10902,10902025010,10,862
10902,10902025011,11,136
10902,10902025012,12,507
10902,10902025013,13,601
10902,10902025014,14,280
10902,10902025015,15,712
10902,10902025016,16,310
10902,10902025017,17,855
10903,10903026001,1,135
10903,10903026002,2,65
10903,10903026003,3,819
10903,10903026004,4,938
10903,10903026005,5,189
10903,10903026006,6,994
10903,10903026007,7,385
10903,10903026008,8,348
10903,10903026009,9,933
10903,10903026010,10,10
11001,11001027001,1,785
11001,11001027002,2,605
11001,11001027003,3,512
11001,11001027004,4,490
11001,11001027005,5,383
11001,11001027006,6,873
11001,11001027007,7,890
11001,11001027008,8,17
11001,11001027009,9,353
11001,11001027010,10,314
11001,11001027011,11,435
11001,11001027012,12,820
11001,11001027013,13,211
11001,11001027014,14,213
11001,11001027015,15,61
11001,11001027016,16,934
11001,11001027017,17,106
11001,11001027018,18,977
11001,11001027019,19,386
11001,11001027020,20,735
11002,11002028001,1,885
11002,11002028002,2,163
11002,11002028003,3,866
11002,11002028004,4,350
11002,11002028005,5,407
11002,11002028006,6,104
11002,11002028007,7,417
11002,11002028008,8,476
11002,11002028009,9,444
11002,11002028010,10,217
11002,11002028011,11,153
11002,11002028012,12,698
11002,11002028013,13,561
11002,11002028014,14,15
11003,11003029001,1,540
11003,11003029002,2,135
11003,11003029003,3,763
11003,11003029004,4,173
11003,11003029005,5,243
11003,11003029006,6,650
11003,11003029007,7,838
11003,11003029008,8,619
11003,11003029009,9,488
11003,11003029010,10,180
11003,11003029011,11,649
11003,11003029012,12,128
11003,11003029013,13,951
11003,11003029014,14,37
11003,11003029015,15,169
11003,11003029016,16,284
11003,11003029017,17,554
11003,11003029018,18,321
20101,20101030001,1,792
20101,20101030002,2,48
20101,20101030003,3,287
20101,20101030004,4,824
20101,20101030005,5,446
20101,20101030006,6,652
20101,20101030007,7,387
20101,20101030008,8,477
20101,20101030009,9,793
20102,20102031001,1,860
20103,20103032001,1,129
20103,20103032002,2,315
20103,20103032003,3,363
20103,20103032004,4,677
20103,20103032005,5,946
20103,20103032006,6,973
20103,20103032007,7,246
20103,20103032008,8,756
20103,20103032009,9,229
20103,20103032010,10,604
20103,20103032011,11,462
20103,20103032012,12,592
20103,20103032013,13,490
20103,20103032014,14,852
20104,20104033001,1,813
20104,20104033002,2,969
20104,20104033003,3,129
20104,20104033004,4,383
20104,20104033005,5,144
20104,20104033006,6,343
20104,20104033007,7,755
20104,20104033008,8,575
20105,20105034001,1,959
20105,20105034002,2,626
20105,20105034003,3,524
20105,20105034004,4,690
20105,20105034005,5,421
20105,20105034006,6,451
20105,20105034007,7,382
20105,20105034008,8,646
20105,20105034009,9,973
20105,20105034010,10,52
20105,20105034011,11,860
20105,20105034012,12,913
20105,20105034013,13,364
20201,20201035001,1,701
20202,20202036001,1,348
20202,20202036002,2,823
20202,20202036003,3,65
20203,20203037001,1,770
20203,20203037002,2,874
20203,20203037003,3,570
20203,20203037004,4,503
20203,20203037005,5,659
20203,20203037006,6,450
20203,20203037007,7,152
20203,20203037008,8,951
20203,20203037009,9,858
20204,20204038001,1,863
20204,20204038002,2,456
20204,20204038003,3,568
20204,20204038004,4,395
20204,20204038005,5,416
20204,20204038006,6,264
20204,20204038007,7,389
20204,20204038008,8,101
20204,20204038009,9,738
20204,20204038010,10,592
20204,20204038011,11,382
20205,20205039001,1,344
20205,20205039002,2,615
20205,20205039003,3,129
20205,20205039004,4,892
20205,20205039005,5,762
20205,20205039006,6,79
20205,20205039007,7,643
20205,20205039008,8,644
20205,20205039009,9,669
20205,20205039010,10,625
20205,20205039011,11,499
20205,20205039012,12,687
20205,20205039013,13,645
20205,20205039014,14,416
20206,20206040001,1,895
20206,20206040002,2,23
20206,20206040003,3,37
20206,20206040004,4,512
20206,20206040005,5,21
20206,20206040006,6,197
20206,20206040007,7,787
20206,20206040008,8,727
20206,20206040009,9,108
20206,20206040010,10,979
20206,20206040011,11,816
20206,20206040012,12,103
20206,20206040013,13,588
20206,20206040014,14,183
20206,20206040015,15,443
20206,20206040016,16,534
20206,20206040017,17,331
20206,20206040018,18,157
20206,20206040019,19,984
20206,20206040020,20,486
20301,20301041001,1,317
20301,20301041002,2,362
20301,20301041003,3,857
20301,20301041004,4,577
20301,20301041005,5,526
20301,20301041006,6,596
20301,20301041007,7,430
20301,20301041008,8,101
20301,20301041009,9,4
20301,20301041010,10,204
20301,20301041011,11,694
20301,20301041012,12,592
20301,20301041013,13,849
20301,20301041014,14,532
20302,20302042001,1,94
20302,20302042002,2,980
20302,20302042003,3,288
20302,20302042004,4,897
20302,20302042005,5,616
20302,20302042006,6,997
20302,20302042007,7,864
20302,20302042008,8,548
20302,20302042009,9,534
20302,20302042010,10,308
20302,20302042011,11,350
20302,20302042012,12,347
20303,20303043001,1,750
20303,20303043002,2,811
20303,20303043003,3,908
20303,20303043004,4,74
20304,20304044001,1,969
20304,20304044002,2,130
20304,20304044003,3,424
20304,20304044004,4,771
20304,20304044005,5,516
20304,20304044006,6,179
20305,20305045001,1,569
20305,20305045002,2,504
20305,20305045003,3,261
20305,20305045004,4,834
20306,20306046001,1,370
20306,20306046002,2,888
20306,20306046003,3,123
20306,20306046004,4,352
20306,20306046005,5,966
20306,20306046006,6,392
20306,20306046007,7,11
20306,20306046008,8,377
20306,20306046009,9,275
20306,20306046010,10,258
20306,20306046011,11,684
20307,20307047001,1,54
20307,20307047002,2,660
20307,20307047003,3,929
20307,20307047004,4,224
20307,20307047005,5,623
20308,20308048001,1,261
20308,20308048002,2,764
20308,20308048003,3,461
20308,20308048004,4,23
20308,20308048005,5,155
20308,20308048006,6,800
20308,20308048007,7,171
20308,20308048008,8,510
20308,20308048009,9,113
20308,20308048010,10,368
20308,20308048011,11,336
20308,20308048012,12,302
20401,20401049001,1,860
20401,20401049002,2,899
20401,20401049003,3,429
20401,20401049004,4,676
20401,20401049005,5,95
20401,20401049006,6,950
20401,20401049007,7,716
20401,20401049008,8,889
20402,20402050001,1,59
20402,20402050002,2,475
20402,20402050003,3,316
20402,20402050004,4,982
20402,20402050005,5,68
20402,20402050006,6,840
20402,20402050007,7,718
20402,20402050008,8,379
20402,20402050009,9,84
20402,20402050010,10,754
20402,20402050011,11,544
20402,20402050012,12,866
20402,20402050013,13,549
20402,20402050014,14,843
20402,20402050015,15,168
20402,20402050016,16,405
20402,20402050017,17,40
20402,20402050018,18,464
20402,20402050019,19,64
20403,20403051001,1,949
20403,20403051002,2,973
20403,20403051003,3,206
20403,20403051004,4,678
20403,20403051005,5,25
20403,20403051006,6,722
20403,20403051007,7,13
20403,20403051008,8,194
20403,20403051009,9,974
20404,20404052001,1,33
20404,20404052002,2,185
20404,20404052003,3,82
20404,20404052004,4,269
20404,20404052005,5,388
20404,20404052006,6,480
20404,20404052007,7,585
20404,20404052008,8,347
20404,20404052009,9,594
20404,20404052010,10,302
20404,20404052011,11,683
20404,20404052012,12,839
20404,20404052013,13,93
20404,20404052014,14,514
20404,20404052015,15,575
20404,20404052016,16,535
20404,20404052017,17,354
20404,20404052018,18,734
20404,20404052019,19,973
20404,20404052020,20,231
20405,20405053001,1,1
20501,20501054001,1,81
20501,20501054002,2,157
20501,20501054003,3,39
20501,20501054004,4,193
20501,20501054005,5,185
20501,20501054006,6,723
20502,20502055001,1,438
20502,20502055002,2,558
20502,20502055003,3,524
20502,20502055004,4,677
20502,20502055005,5,118
20502,20502055006,6,3
20502,20502055007,7,76
20502,20502055008,8,118
20502,20502055009,9,449
20502,20502055010,10,502
20502,20502055011,11,984
20502,20502055012,12,929
20502,20502055013,13,926
20502,20502055014,14,813
20502,20502055015,15,436
20502,20502055016,16,548
20503,20503056001,1,129
20503,20503056002,2,798
20503,20503056003,3,304
20503,20503056004,4,576
20503,20503056005,5,396
20503,20503056006,6,39
20601,20601057001,1,48
20601,20601057002,2,236
20601,20601057003,3,41
20601,20601057004,4,628
20601,20601057005,5,272
20601,20601057006,6,378
20601,20601057007,7,710
20601,20601057008,8,497
20601,20601057009,9,182
20601,20601057010,10,517
20601,20601057011,11,149
20601,20601057012,12,907
20602,20602058001,1,31
20602,20602058002,2,995
20602,20602058003,3,852
20602,20602058004,4,629
20602,20602058005,5,998
20602,20602058006,6,702
20602,20602058007,7,542
20602,20602058008,8,695
20603,20603059001,1,846
20603,20603059002,2,637
20603,20603059003,3,893
20603,20603059004,4,44
20603,20603059005,5,156
20603,20603059006,6,903
20603,20603059007,7,223
20604,20604060001,1,707
20605,20605061001,1,12
20605,20605061002,2,926
20605,20605061003,3,219
20605,20605061004,4,289
20605,20605061005,5,771
20605,20605061006,6,889
20605,20605061007,7,717
20605,20605061008,8,287
20605,20605061009,9,18
20605,20605061010,10,896
20605,20605061011,11,582
20605,20605061012,12,204
20606,20606062001,1,495
20606,20606062002,2,227
20606,20606062003,3,277
20606,20606062004,4,852
20606,20606062005,5,298
20606,20606062006,6,600
20606,20606062007,7,833
20606,20606062008,8,792
20606,20606062009,9,21
20606,20606062010,10,493
20606,20606062011,11,414
20606,20606062012,12,878
20607,20607063001,1,207
20607,20607063002,2,750
20607,20607063003,3,841
20607,20607063004,4,31
20607,20607063005,5,685
20607,20607063006,6,811
20607,20607063007,7,261
20607,20607063008,8,58
20607,20607063009,9,269
20607,20607063010,10,705
20607,20607063011,11,601
20607,20607063012,12,728
20607,20607063013,13,439
20607,20607063014,14,750
20607,20607063015,15,614
20607,20607063016,16,722
20607,20607063017,17,817
20607,20607063018,18,167
20607,20607063019,19,247
20608,20608064001,1,25
20608,20608064002,2,418
20608,20608064003,3,914
20608,20608064004,4,625
20608,20608064005,5,843
20701,20701065001,1,678
20701,20701065002,2,2
20701,20701065003,3,416
20701,20701065004,4,11
20701,20701065005,5,678
20701,20701065006,6,986
20701,20701065007,7,249
20701,20701065008,8,473
20701,20701065009,9,443
20701,20701065010,10,18
20701,20701065011,11,540
20701,20701065012,12,986
20701,20701065013,13,894
20701,20701065014,14,860
20701,20701065015,15,917
20701,20701065016,16,393
20701,20701065017,17,244
20701,20701065018,18,517
20701,20701065019,19,95
20702,20702066001,1,892
20702,20702066002,2,249
20702,20702066003,3,330
20702,20702066004,4,760
20702,20702066005,5,179
20702,20702066006,6,186
20702,20702066007,7,25
20702,20702066008,8,305
20702,20702066009,9,130
20801,20801067001,1,120
20801,20801067002,2,211
20801,20801067003,3,628
20801,20801067004,4,292
20801,20801067005,5,618
20801,20801067006,6,519
20801,20801067007,7,750
20801,20801067008,8,702
20801,20801067009,9,984
20801,20801067010,10,219
20802,20802068001,1,980
20802,20802068002,2,984
20803,20803069001,1,511
20803,20803069002,2,66
20803,20803069003,3,804
20803,20803069004,4,827
20803,20803069005,5,882
20803,20803069006,6,742
20804,20804070001,1,393
20804,20804070002,2,934
20804,20804070003,3,478
20804,20804070004,4,359
20804,20804070005,5,801
20805,20805071001,1,682
20805,20805071002,2,375
20805,20805071003,3,287
20805,20805071004,4,863
20805,20805071005,5,753
20805,20805071006,6,743
20805,20805071007,7,858
20805,20805071008,8,996
20805,20805071009,9,664
20805,20805071010,10,994
20805,20805071011,11,340
20806,20806072001,1,418
20806,20806072002,2,501
20806,20806072003,3,50
20806,20806072004,4,680
20806,20806072005,5,346
20806,20806072006,6,624
20806,20806072007,7,125
20806,20806072008,8,678
20806,20806072009,9,306
20806,20806072010,10,142
20806,20806072011,11,885
20806,20806072012,12,526
20806,20806072013,13,510
20806,20806072014,14,573
20806,20806072015,15,710
20807,20807073001,1,434
20807,20807073002,2,990
20807,20807073003,3,74
20807,20807073004,4,898
20807,20807073005,5,212
20807,20807073006,6,469
20807,20807073007,7,280
20807,20807073008,8,135
20901,20901074001,1,732
20902,20902075001,1,161
20902,20902075002,2,568
20902,20902075003,3,803
20902,20902075004,4,660
20902,20902075005,5,276
20902,20902075006,6,361
20902,20902075007,7,90
20902,20902075008,8,952
20902,20902075009,9,244
20903,20903076001,1,550
20904,20904077001,1,392
20905,20905078001,1,779
20905,20905078002,2,497
20905,20905078003,3,287
20905,20905078004,4,501
20905,20905078005,5,687
20905,20905078006,6,989
20905,20905078007,7,527
20905,20905078008,8,34
20905,20905078009,9,287
21001,21001079001,1,766
21001,21001079002,2,322
21001,21001079003,3,102
21001,21001079004,4,466
21001,21001079005,5,531
21001,21001079006,6,238
21001,21001079007,7,258
21001,21001079008,8,507
21001,21001079009,9,205
21001,21001079010,10,771
21001,21001079011,11,701
21001,21001079012,12,652
21001,21001079013,13,366
21001,21001079014,14,175
21001,21001079015,15,712
21001,21001079016,16,439
21001,21001079017,17,390
21001,21001079018,18,688
21002,21002080001,1,499
21002,21002080002,2,233
21002,21002080003,3,234
21002,21002080004,4,542
21002,21002080005,5,793
21002,21002080006,6,152
21002,21002080007,7,215
21002,21002080008,8,68
21002,21002080009,9,552
21002,21002080010,10,816
21002,21002080011,11,77
21002,21002080012,12,477
21002,21002080013,13,849
21002,21002080014,14,903
21002,21002080015,15,464
21002,21002080016,16,338
21002,21002080017,17,914
21003,21003081001,1,638
21003,21003081002,2,264
21003,21003081003,3,810
21003,21003081004,4,804
21004,21004082001,1,648
21004,21004082002,2,904
21004,21004082003,3,133
21004,21004082004,4,110
21004,21004082005,5,48
21004,21004082006,6,953
21004,21004082007,7,331
21004,21004082008,8,744
21004,21004082009,9,249
21004,21004082010,10,248
21004,21004082011,11,670
21004,21004082012,12,743
21004,21004082013,13,686
21004,21004082014,14,942
21005,21005083001,1,497
21005,21005083002,2,788
21005,21005083003,3,376
21005,21005083004,4,369
21005,21005083005,5,196
21005,21005083006,6,268
21005,21005083007,7,657
21005,21005083008,8,145
21005,21005083009,9,764
21005,21005083010,10,865
21005,21005083011,11,182
21005,21005083012,12,653
21005,21005083013,13,303
21006,21006084001,1,190
21006,21006084002,2,168
21006,21006084003,3,408
21006,21006084004,4,53
21006,21006084005,5,208
21101,21101085001,1,985
21101,21101085002,2,48
21101,21101085003,3,323
21101,21101085004,4,605
21101,21101085005,5,957
21101,21101085006,6,687
21102,21102086001,1,667
21102,21102086002,2,830
21102,21102086003,3,713
21102,21102086004,4,304
21102,21102086005,5,371
21103,21103087001,1,254
21103,21103087002,2,470
21103,21103087003,3,506
21103,21103087004,4,753
21103,21103087005,5,976
21103,21103087006,6,561
21103,21103087007,7,983
21103,21103087008,8,690
21103,21103087009,9,956
21103,21103087010,10,543
21104,21104088001,1,160
21104,21104088002,2,485
21105,21105089001,1,627
21105,21105089002,2,425
21105,21105089003,3,858
21105,21105089004,4,512
21105,21105089005,5,194
21105,21105089006,6,229
21201,21201090001,1,37
21201,21201090002,2,324
21201,21201090003,3,946
21201,21201090004,4,394
21201,21201090005,5,186
21201,21201090006,6,558
21201,21201090007,7,740
21201,21201090008,8,520
21201,21201090009,9,681
21201,21201090010,10,97
21201,21201090011,11,752
21202,21202091001,1,286
21202,21202091002,2,224
21202,21202091003,3,457
21202,21202091004,4,476
21202,21202091005,5,62
21202,21202091006,6,379
21202,21202091007,7,127
21202,21202091008,8,691
21202,21202091009,9,784
21202,21202091010,10,145
21202,21202091011,11,461
21202,21202091012,12,246
21202,21202091013,13,308
21202,21202091014,14,513
21203,21203092001,1,262
21203,21203092002,2,698
21203,21203092003,3,857
21203,21203092004,4,800
21203,21203092005,5,646
21203,21203092006,6,911
21203,21203092007,7,141
21203,21203092008,8,480
21203,21203092009,9,658
21203,21203092010,10,578
21203,21203092011,11,177
21203,21203092012,12,99
21203,21203092013,13,389
21203,21203092014,14,772
21203,21203092015,15,465
21203,21203092016,16,566
21203,21203092017,17,985
21203,21203092018,18,104
21203,21203092019,19,605
21204,21204093001,1,180
21204,21204093002,2,667
21204,21204093003,3,102
21204,21204093004,4,494
21301,21301094001,1,679
21301,21301094002,2,263
21301,21301094003,3,446
21301,21301094004,4,297
21301,21301094005,5,410
21301,21301094006,6,331
21301,21301094007,7,172
21301,21301094008,8,348
21301,21301094009,9,360
21301,21301094010,10,368
21301,21301094011,11,461
21301,21301094012,12,24
21301,21301094013,13,722
21301,21301094014,14,788
21301,21301094015,15,342
21301,21301094016,16,209
21301,21301094017,17,267
21301,21301094018,18,62
21302,21302095001,1,268
21302,21302095002,2,938
21302,21302095003,3,39
21302,21302095004,4,640
21303,21303096001,1,976
21303,21303096002,2,259
21303,21303096003,3,650
21303,21303096004,4,156
21303,21303096005,5,629
21303,21303096006,6,811
21303,21303096007,7,991
21303,21303096008,8,460
21303,21303096009,9,11
21303,21303096010,10,621
21303,21303096011,11,803
21303,21303096012,12,419
21303,21303096013,13,260
21303,21303096014,14,556
21303,21303096015,15,839
21304,21304097001,1,585
21304,21304097002,2,91
21304,21304097003,3,196
21304,21304097004,4,276
21304,21304097005,5,242
21304,21304097006,6,763
21304,21304097007,7,483
21304,21304097008,8,251
21304,21304097009,9,326
21304,21304097010,10,596
21304,21304097011,11,139
21304,21304097012,12,147
21304,21304097013,13,666
21304,21304097014,14,30
21304,21304097015,15,697
21304,21304097016,16,236
21305,21305098001,1,163
21305,21305098002,2,11
21305,21305098003,3,180
21305,21305098004,4,892
21305,21305098005,5,697
21305,21305098006,6,189
21305,21305098007,7,851
21305,21305098008,8,560
21305,21305098009,9,578
21305,21305098010,10,687
21305,21305098011,11,58
21305,21305098012,12,852
21305,21305098013,13,819
21305,21305098014,14,103
21305,21305098015,15,20
21305,21305098016,16,282
21305,21305098017,17,189
21306,21306099001,1,170
21306,21306099002,2,997
21306,21306099003,3,88
21306,21306099004,4,281
21306,21306099005,5,519
21306,21306099006,6,575
21306,21306099007,7,357
21306,21306099008,8,324
21306,21306099009,9,375
21307,21307100001,1,334
21307,21307100002,2,930
21307,21307100003,3,29
21307,21307100004,4,14
21307,21307100005,5,367
21307,21307100006,6,688
21307,21307100007,7,615
21307,21307100008,8,190
21307,21307100009,9,597
21307,21307100010,10,340
21307,21307100011,11,667
21401,21401101001,1,565
21402,21402102001,1,894
21402,21402102002,2,885
21402,21402102003,3,939
21402,21402102004,4,495
21402,21402102005,5,942
21402,21402102006,6,575
21402,21402102007,7,589
21402,21402102008,8,784
21402,21402102009,9,568
21402,21402102010,10,514
21402,21402102011,11,664
21402,21402102012,12,811
21402,21402102013,13,747
21402,21402102014,14,121
21402,21402102015,15,889
21501,21501103001,1,355
21501,21501103002,2,107
21501,21501103003,3,121
21501,21501103004,4,486
21501,21501103005,5,722
21501,21501103006,6,141
21501,21501103007,7,600
21501,21501103008,8,51
21501,21501103009,9,538
21501,21501103010,10,417
21501,21501103011,11,551
21501,21501103012,12,101
21501,21501103013,13,496
21501,21501103014,14,738
21501,21501103015,15,225
21501,21501103016,16,661
21501,21501103017,17,288
21501,21501103018,18,187
21501,21501103019,19,97
21501,21501103020,20,570
21502,21502104001,1,801
21502,21502104002,2,834
21502,21502104003,3,577
21502,21502104004,4,271
21502,21502104005,5,658
21502,21502104006,6,310
21502,21502104007,7,429
21502,21502104008,8,207
21502,21502104009,9,569
21502,21502104010,10,865
21502,21502104011,11,439
21502,21502104012,12,470
21502,21502104013,13,916
21502,21502104014,14,168
21502,21502104015,15,177
21502,21502104016,16,358
21502,21502104017,17,292
21502,21502104018,18,53
21502,21502104019,19,146
21601,21601105001,1,102
21601,21601105002,2,286
21601,21601105003,3,762
21601,21601105004,4,591
21602,21602106001,1,443
21602,21602106002,2,436
21602,21602106003,3,591
21602,21602106004,4,261
21701,21701107001,1,86
21701,21701107002,2,566
21701,21701107003,3,817
21701,21701107004,4,669
21701,21701107005,5,414
21701,21701107006,6,375
21701,21701107007,7,501
21701,21701107008,8,781
21701,21701107009,9,911
21701,21701107010,10,90
21701,21701107011,11,747
21701,21701107012,12,744
21701,21701107013,13,706
21702,21702108001,1,930
21702,21702108002,2,376
21702,21702108003,3,200
21702,21702108004,4,943
21702,21702108005,5,416
21702,21702108006,6,819
21702,21702108007,7,87
21702,21702108008,8,890
21702,21702108009,9,728
21702,21702108010,10,782
21702,21702108011,11,225
21702,21702108012,12,23
21702,21702108013,13,529
21702,21702108014,14,672
21702,21702108015,15,207
21702,21702108016,16,678
21702,21702108017,17,298
21702,21702108018,18,180
21703,21703109001,1,384
21703,21703109002,2,401
21703,21703109003,3,661
21801,21801110001,1,476
21801,21801110002,2,597
21801,21801110003,3,246
21801,21801110004,4,399
21801,21801110005,5,556
21801,21801110006,6,672
21801,21801110007,7,533
21801,21801110008,8,2
21801,21801110009,9,890
21801,21801110010,10,974
21801,21801110011,11,932
21801,21801110012,12,706
21801,21801110013,13,899
21801,21801110014,14,127
21801,21801110015,15,312
21801,21801110016,16,43
21801,21801110017,17,864
21801,21801110018,18,117
21801,21801110019,19,770
21801,21801110020,20,915
21802,21802111001,1,900
21802,21802111002,2,434
21802,21802111003,3,46
21802,21802111004,4,473
21802,21802111005,5,477
21803,21803112001,1,101
21803,21803112002,2,170
21803,21803112003,3,693
21803,21803112004,4,694
21803,21803112005,5,327
21803,21803112006,6,807
21803,21803112007,7,570
21803,21803112008,8,372
21803,21803112009,9,399
21803,21803112010,10,583
21803,21803112011,11,714
21901,21901113001,1,290
21901,21901113002,2,231
21901,21901113003,3,606
21901,21901113004,4,678
21901,21901113005,5,12
21901,21901113006,6,985
21901,21901113007,7,731
21901,21901113008,8,327
21901,21901113009,9,107
21901,21901113010,10,138
21901,21901113011,11,368
21901,21901113012,12,158
21901,21901113013,13,35
21901,21901113014,14,279
21901,21901113015,15,860
21902,21902114001,1,291
21902,21902114002,2,53
21902,21902114003,3,336
21902,21902114004,4,806
21902,21902114005,5,344
21902,21902114006,6,648
21902,21902114007,7,39
21902,21902114008,8,3
21902,21902114009,9,918
21902,21902114010,10,738
21902,21902114011,11,936
21902,21902114012,12,883
21902,21902114013,13,893
21902,21902114014,14,230
21902,21902114015,15,955
21902,21902114016,16,604
22001,22001115001,1,77
22001,22001115002,2,739
22001,22001115003,3,253
22001,22001115004,4,473
22001,22001115005,5,52
22001,22001115006,6,520
22001,22001115007,7,887
22001,22001115008,8,286
22001,22001115009,9,159
22001,22001115010,10,307
22002,22002116001,1,240
22002,22002116002,2,610
22002,22002116003,3,690
22002,22002116004,4,114
22002,22002116005,5,21
22002,22002116006,6,495
30101,30101117001,1,166
30101,30101117002,2,979
30101,30101117003,3,474
30101,30101117004,4,100
30101,30101117005,5,262
30101,30101117006,6,110
30101,30101117007,7,546
30101,30101117008,8,213
30101,30101117009,9,692
30101,30101117010,10,489
30101,30101117011,11,170
30101,30101117012,12,163
30101,30101117013,13,222
30101,30101117014,14,224
30101,30101117015,15,67
30201,30201118001,1,899
30201,30201118002,2,339
30201,30201118003,3,143
30201,30201118004,4,973
30201,30201118005,5,419
30202,30202119001,1,202
30202,30202119002,2,20
30202,30202119003,3,78
30202,30202119004,4,774
30202,30202119005,5,655
30202,30202119006,6,191
30202,30202119007,7,355
30202,30202119008,8,924
30202,30202119009,9,673
30202,30202119010,10,930
30202,30202119011,11,623
30202,30202119012,12,167
30202,30202119013,13,25
30202,30202119014,14,657
30202,30202119015,15,316
30202,30202119016,16,467
30202,30202119017,17,814
30203,30203120001,1,578
30301,30301121001,1,162
30301,30301121002,2,824
30301,30301121003,3,663
30301,30301121004,4,912
30301,30301121005,5,640
30301,30301121006,6,287
30301,30301121007,7,784
30301,30301121008,8,413
30301,30301121009,9,987
30301,30301121010,10,701
30301,30301121011,11,530
30301,30301121012,12,406
30301,30301121013,13,271
30301,30301121014,14,479
30301,30301121015,15,46
30301,30301121016,16,446
30301,30301121017,17,931
30301,30301121018,18,163
30301,30301121019,19,700
30302,30302122001,1,973
30302,30302122002,2,673
30302,30302122003,3,703
30302,30302122004,4,932
30302,30302122005,5,663
30302,30302122006,6,723
30302,30302122007,7,134
30302,30302122008,8,836
30302,30302122009,9,278
30302,30302122010,10,95
30302,30302122011,11,359
30302,30302122012,12,509
30302,30302122013,13,153
30302,30302122014,14,894
30302,30302122015,15,561
30302,30302122016,16,702
30302,30302122017,17,805
30302,30302122018,18,447
30302,30302122019,19,592
30303,30303123001,1,173
30303,30303123002,2,944
30303,30303123003,3,68
30303,30303123004,4,697
30303,30303123005,5,547
30303,30303123006,6,49
30303,30303123007,7,980
30303,30303123008,8,695
30303,30303123009,9,825
30303,30303123010,10,264
30303,30303123011,11,322
30303,30303123012,12,502
30303,30303123013,13,742
30303,30303123014,14,161
30303,30303123015,15,933
30303,30303123016,16,585
30303,30303123017,17,814
30303,30303123018,18,883
30303,30303123019,19,729
30303,30303123020,20,639
30401,30401124001,1,212
30401,30401124002,2,471
30401,30401124003,3,95
30401,30401124004,4,199
30401,30401124005,5,187
30401,30401124006,6,494
30401,30401124007,7,607
30401,30401124008,8,807
30401,30401124009,9,245
30401,30401124010,10,167
30401,30401124011,11,143
30401,30401124012,12,165
30401,30401124013,13,1
30401,30401124014,14,424
30402,30402125001,1,239
30402,30402125002,2,709
30403,30403126001,1,481
30403,30403126002,2,339
30403,30403126003,3,36
30403,30403126004,4,431
30403,30403126005,5,928
30403,30403126006,6,400
30403,30403126007,7,440
30403,30403126008,8,576
30403,30403126009,9,618
30403,30403126010,10,434
30403,30403126011,11,829
30403,30403126012,12,15
30403,30403126013,13,649
30404,30404127001,1,332
30404,30404127002,2,208
30404,30404127003,3,877
30404,30404127004,4,976
30404,30404127005,5,46
30404,30404127006,6,592
30404,30404127007,7,137
30404,30404127008,8,355
30404,30404127009,9,871
30404,30404127010,10,747
30404,30404127011,11,227
30404,30404127012,12,270
30404,30404127013,13,803
30404,30404127014,14,288
30404,30404127015,15,759
30404,30404127016,16,942
30501,30501128001,1,799
30501,30501128002,2,963
30501,30501128003,3,744
30501,30501128004,4,215
30501,30501128005,5,15
30501,30501128006,6,497
30502,30502129001,1,239
30502,30502129002,2,458
30502,30502129003,3,434
30502,30502129004,4,72
30502,30502129005,5,526
30502,30502129006,6,79
30502,30502129007,7,325
30502,30502129008,8,673
30502,30502129009,9,779
30502,30502129010,10,715
30502,30502129011,11,283
30502,30502129012,12,915
30502,30502129013,13,334
30502,30502129014,14,453
30502,30502129015,15,255
30502,30502129016,16,299
30502,30502129017,17,695
30502,30502129018,18,464
30502,30502129019,19,502
30601,30601130001,1,54
30601,30601130002,2,400
30601,30601130003,3,716
30601,30601130004,4,503
30601,30601130005,5,498
30601,30601130006,6,453
30601,30601130007,7,243
30601,30601130008,8,592
30601,30601130009,9,929
30601,30601130010,10,85
30601,30601130011,11,164
30601,30601130012,12,142
30602,30602131001,1,877
30602,30602131002,2,137
30602,30602131003,3,325
30602,30602131004,4,462
30602,30602131005,5,152
30602,30602131006,6,254
30602,30602131007,7,849
30602,30602131008,8,380
30602,30602131009,9,699
30701,30701132001,1,211
30701,30701132002,2,368
30701,30701132003,3,297
30701,30701132004,4,740
30701,30701132005,5,162
30701,30701132006,6,360
30701,30701132007,7,921
30702,30702133001,1,877
30702,30702133002,2,758
30702,30702133003,3,730
30703,30703134001,1,253
30703,30703134002,2,126
30703,30703134003,3,68
30703,30703134004,4,998
30801,30801135001,1,668
30801,30801135002,2,773
30801,30801135003,3,253
30801,30801135004,4,761
30801,30801135005,5,248
30801,30801135006,6,270
30801,30801135007,7,236
30801,30801135008,8,876
30801,30801135009,9,270
30801,30801135010,10,769
30801,30801135011,11,255
30802,30802136001,1,251
30802,30802136002,2,462
30802,30802136003,3,377
30802,30802136004,4,273
30802,30802136005,5,253
30802,30802136006,6,671
30802,30802136007,7,422
30802,30802136008,8,737
30802,30802136009,9,709
30802,30802136010,10,102
30802,30802136011,11,619
30802,30802136012,12,887
30802,30802136013,13,267
30803,30803137001,1,661
30803,30803137002,2,440
30803,30803137003,3,790
30803,30803137004,4,476
30803,30803137005,5,150
30803,30803137006,6,618
30803,30803137007,7,42
30803,30803137008,8,113
30901,30901138001,1,400
30901,30901138002,2,259
30901,30901138003,3,712
30901,30901138004,4,672
30901,30901138005,5,302
30901,30901138006,6,811
30901,30901138007,7,910
30901,30901138008,8,605
30901,30901138009,9,993
30901,30901138010,10,437
30901,30901138011,11,452
30901,30901138012,12,751
30901,30901138013,13,963
30901,30901138014,14,861
30901,30901138015,15,566
30901,30901138016,16,195
30901,30901138017,17,201
30901,30901138018,18,672
30901,30901138019,19,727
30901,30901138020,20,900
30902,30902139001,1,167
30902,30902139002,2,948
30902,30902139003,3,530
30902,30902139004,4,45
30902,30902139005,5,549
30902,30902139006,6,824
30902,30902139007,7,661
30902,30902139008,8,374
30902,30902139009,9,464
30902,30902139010,10,936
30902,30902139011,11,580
30902,30902139012,12,686
30902,30902139013,13,457
30902,30902139014,14,245
30902,30902139015,15,250
30902,30902139016,16,753
30902,30902139017,17,800
30903,30903140001,1,82
30903,30903140002,2,827
30903,30903140003,3,87
30903,30903140004,4,445
30903,30903140005,5,881
30903,30903140006,6,40
30904,30904141001,1,819
30904,30904141002,2,552
30904,30904141003,3,150
30904,30904141004,4,495
30904,30904141005,5,249
30904,30904141006,6,631
30904,30904141007,7,145
30904,30904141008,8,733
30904,30904141009,9,550
30904,30904141010,10,63
30904,30904141011,11,880
30904,30904141012,12,877
30904,30904141013,13,737
30904,30904141014,14,473
30904,30904141015,15,621
30904,30904141016,16,799
30904,30904141017,17,891
30904,30904141018,18,800
30905,30905142001,1,122
30905,30905142002,2,159
30905,30905142003,3,858
30905,30905142004,4,413
30905,30905142005,5,546
30905,30905142006,6,336
30905,30905142007,7,504
30905,30905142008,8,134
30905,30905142009,9,196
30905,30905142010,10,224
30905,30905142011,11,942
30905,30905142012,12,462
30905,30905142013,13,555
31001,31001143001,1,840
31001,31001143002,2,267
31001,31001143003,3,681
31001,31001143004,4,111
31001,31001143005,5,593
31001,31001143006,6,900
31001,31001143007,7,511
31001,31001143008,8,391
31001,31001143009,9,700
31001,31001143010,10,836
31001,31001143011,11,44
31001,31001143012,12,538
31001,31001143013,13,369
31002,31002144001,1,675
31002,31002144002,2,655
31002,31002144003,3,485
31002,31002144004,4,44
31002,31002144005,5,211
31002,31002144006,6,711
31002,31002144007,7,200
31002,31002144008,8,649
31002,31002144009,9,961
31002,31002144010,10,600
31002,31002144011,11,227
31002,31002144012,12,643
31002,31002144013,13,361
31002,31002144014,14,750
31003,31003145001,1,935
31003,31003145002,2,840
31003,31003145003,3,50
31003,31003145004,4,414
31101,31101146001,1,186
31101,31101146002,2,13
31101,31101146003,3,56
31101,31101146004,4,281
31101,31101146005,5,700
31101,31101146006,6,595
31101,31101146007,7,426
31101,31101146008,8,980
31101,31101146009,9,962
31101,31101146010,10,250
31101,31101146011,11,107
31101,31101146012,12,699
31101,31101146013,13,271
31101,31101146014,14,384
31101,31101146015,15,807
31101,31101146016,16,774
31101,31101146017,17,737
31201,31201147001,1,519
31201,31201147002,2,693
31202,31202148001,1,151
31202,31202148002,2,412
31202,31202148003,3,584
31202,31202148004,4,709
31202,31202148005,5,64
31202,31202148006,6,100
31202,31202148007,7,618
31202,31202148008,8,231
31202,31202148009,9,941
31202,31202148010,10,809
31202,31202148011,11,138
31203,31203149001,1,159
31203,31203149002,2,48
31203,31203149003,3,216
31203,31203149004,4,317
31203,31203149005,5,78
31203,31203149006,6,253
31203,31203149007,7,575
31204,31204150001,1,705
31204,31204150002,2,588
31204,31204150003,3,292
31204,31204150004,4,181
31204,31204150005,5,310
31204,31204150006,6,646
31204,31204150007,7,568
31204,31204150008,8,227
31204,31204150009,9,251
31204,31204150010,10,276
31204,31204150011,11,376
31204,31204150012,12,963
31204,31204150013,13,359
31205,31205151001,1,177
31205,31205151002,2,591
31205,31205151003,3,232
31205,31205151004,4,822
31205,31205151005,5,867
31205,31205151006,6,116
31206,31206152001,1,322
31206,31206152002,2,647
31206,31206152003,3,766
31206,31206152004,4,114
31206,31206152005,5,650
31206,31206152006,6,342
31206,31206152007,7,762
31206,31206152008,8,399
31206,31206152009,9,830
31301,31301153001,1,287
31301,31301153002,2,649
31301,31301153003,3,560
31301,31301153004,4,11
31301,31301153005,5,404
31301,31301153006,6,109
31301,31301153007,7,336
31301,31301153008,8,219
31301,31301153009,9,704
31301,31301153010,10,408
31302,31302154001,1,64
31302,31302154002,2,961
31302,31302154003,3,36
31302,31302154004,4,958
31302,31302154005,5,446
31302,31302154006,6,935
31302,31302154007,7,443
31303,31303155001,1,489
31303,31303155002,2,415
31303,31303155003,3,429
31303,31303155004,4,57
31303,31303155005,5,963
31303,31303155006,6,68
31401,31401156001,1,27
31401,31401156002,2,672
31401,31401156003,3,647
31401,31401156004,4,629
31401,31401156005,5,743
31401,31401156006,6,125
31401,31401156007,7,516
31401,31401156008,8,735
31401,31401156009,9,285
31401,31401156010,10,209
31401,31401156011,11,949
31401,31401156012,12,586
31401,31401156013,13,620
31402,31402157001,1,836
31402,31402157002,2,989
31402,31402157003,3,572
31403,31403158001,1,142
31403,31403158002,2,170
31403,31403158003,3,842
31403,31403158004,4,902
31403,31403158005,5,16
31403,31403158006,6,77
31403,31403158007,7,2
31403,31403158008,8,874
31403,31403158009,9,824
31403,31403158010,10,812
31403,31403158011,11,845
31403,31403158012,12,821
31403,31403158013,13,86
31403,31403158014,14,784
31403,31403158015,15,227
31403,31403158016,16,267
31403,31403158017,17,881
31404,31404159001,1,117
31404,31404159002,2,196
31404,31404159003,3,13
31404,31404159004,4,270
31404,31404159005,5,458
31404,31404159006,6,204
31404,31404159007,7,260
31404,31404159008,8,73
31404,31404159009,9,745
31404,31404159010,10,528
31404,31404159011,11,466
31404,31404159012,12,531
31404,31404159013,13,598
31404,31404159014,14,410
31404,31404159015,15,556
31404,31404159016,16,755
31404,31404159017,17,368
31404,31404159018,18,742
31404,31404159019,19,594
31404,31404159020,20,923
31405,31405160001,1,418
31405,31405160002,2,691
31405,31405160003,3,882
31405,31405160004,4,441
31405,31405160005,5,541
31405,31405160006,6,796
31405,31405160007,7,751
31405,31405160008,8,423
31405,31405160009,9,437
31405,31405160010,10,674
31501,31501161001,1,631
31501,31501161002,2,331
31501,31501161003,3,269
31501,31501161004,4,157
31501,31501161005,5,16
31501,31501161006,6,516
31501,31501161007,7,440
31501,31501161008,8,580
31501,31501161009,9,369
31501,31501161010,10,386
31501,31501161011,11,730
31501,31501161012,12,853
31501,31501161013,13,98
31501,31501161014,14,219
31501,31501161015,15,171
31601,31601162001,1,421
31601,31601162002,2,794
31601,31601162003,3,477
31601,31601162004,4,253
31601,31601162005,5,492
31601,31601162006,6,340
31601,31601162007,7,890
31601,31601162008,8,670
31601,31601162009,9,216
31601,31601162010,10,651
31601,31601162011,11,229
31601,31601162012,12,255
31601,31601162013,13,891
31601,31601162014,14,2
31601,31601162015,15,468
31601,31601162016,16,191
31601,31601162017,17,784
31601,31601162018,18,662
31601,31601162019,19,411
31601,31601162020,20,360
31602,31602163001,1,823
31602,31602163002,2,401
31602,31602163003,3,414
31602,31602163004,4,217
31602,31602163005,5,389
31602,31602163006,6,405
31602,31602163007,7,99
31602,31602163008,8,982
31602,31602163009,9,739
31602,31602163010,10,156
31602,31602163011,11,519
31602,31602163012,12,120
31602,31602163013,13,886
31602,31602163014,14,145
40101,40101164001,1,1
40101,40101164002,2,624
40101,40101164003,3,269
40101,40101164004,4,742
40101,40101164005,5,176
40101,40101164006,6,846
40101,40101164007,7,32
40101,40101164008,8,147
40101,40101164009,9,743
40101,40101164010,10,972
40101,40101164011,11,290
40101,40101164012,12,832
40101,40101164013,13,905
40101,40101164014,14,900
40101,40101164015,15,916
40101,40101164016,16,749
40101,40101164017,17,721
40101,40101164018,18,60
40101,40101164019,19,766
40102,40102165001,1,940
40102,40102165002,2,698
40102,40102165003,3,174
40102,40102165004,4,636
40102,40102165005,5,357
40103,40103166001,1,419
40103,40103166002,2,404
40103,40103166003,3,562
40103,40103166004,4,302
40103,40103166005,5,890
40103,40103166006,6,763
40104,40104167001,1,967
40104,40104167002,2,953
40104,40104167003,3,681
40104,40104167004,4,408
40104,40104167005,5,43
40201,40201168001,1,794
40201,40201168002,2,451
40201,40201168003,3,423
40201,40201168004,4,847
40201,40201168005,5,957
40202,40202169001,1,386
40202,40202169002,2,673
40202,40202169003,3,965
40202,40202169004,4,388
40202,40202169005,5,14
40202,40202169006,6,316
40202,40202169007,7,853
40202,40202169008,8,473
40202,40202169009,9,766
40202,40202169010,10,873
40202,40202169011,11,146
40202,40202169012,12,484
40301,40301170001,1,731
40301,40301170002,2,840
40301,40301170003,3,732
40301,40301170004,4,870
40301,40301170005,5,330
40301,40301170006,6,316
40301,40301170007,7,540
40301,40301170008,8,880
40301,40301170009,9,164
40301,40301170010,10,96
40301,40301170011,11,388
40301,40301170012,12,290
40302,40302171001,1,536
40302,40302171002,2,919
40302,40302171003,3,60
40302,40302171004,4,329
40302,40302171005,5,332
40302,40302171006,6,109
40302,40302171007,7,37
40302,40302171008,8,657
40302,40302171009,9,365
40302,40302171010,10,488
40302,40302171011,11,660
40401,40401172001,1,987
40401,40401172002,2,121
40401,40401172003,3,108
40401,40401172004,4,800
40401,40401172005,5,368
40402,40402173001,1,916
40402,40402173002,2,284
40402,40402173003,3,245
40402,40402173004,4,972
40402,40402173005,5,106
40501,40501174001,1,510
40501,40501174002,2,225
40501,40501174003,3,301
40501,40501174004,4,232
40502,40502175001,1,677
40502,40502175002,2,59
40502,40502175003,3,474
40502,40502175004,4,820
40502,40502175005,5,157
40503,40503176001,1,956
40503,40503176002,2,367
40504,40504177001,1,620
40504,40504177002,2,622
40504,40504177003,3,841
40504,40504177004,4,390
40504,40504177005,5,99
40504,40504177006,6,888
40504,40504177007,7,789
40504,40504177008,8,591
40505,40505178001,1,440
40505,40505178002,2,695
40505,40505178003,3,609
40505,40505178004,4,27
40505,40505178005,5,889
40505,40505178006,6,231
40505,40505178007,7,321
40505,40505178008,8,727
40505,40505178009,9,134
40505,40505178010,10,701
40505,40505178011,11,386
40505,40505178012,12,657
40505,40505178013,13,887
40505,40505178014,14,643
40505,40505178015,15,218
40505,40505178016,16,605
40505,40505178017,17,722
40505,40505178018,18,661
40505,40505178019,19,391
40601,40601179001,1,172
40601,40601179002,2,812
40601,40601179003,3,929
40601,40601179004,4,565
40601,40601179005,5,601
40601,40601179006,6,506
40601,40601179007,7,100
40601,40601179008,8,555
40601,40601179009,9,686
40601,40601179010,10,173
40601,40601179011,11,583
40601,40601179012,12,18
40601,40601179013,13,984
40601,40601179014,14,716
40601,40601179015,15,718
40601,40601179016,16,299
40601,40601179017,17,359
40601,40601179018,18,931
40601,40601179019,19,927
40601,40601179020,20,827
40602,40602180001,1,597
40602,40602180002,2,833
40602,40602180003,3,708
40602,40602180004,4,690
40602,40602180005,5,489
40602,40602180006,6,457
40602,40602180007,7,716
40602,40602180008,8,580
40602,40602180009,9,797
40602,40602180010,10,951
40602,40602180011,11,197
40602,40602180012,12,819
40602,40602180013,13,907
40602,40602180014,14,377
40602,40602180015,15,383
40602,40602180016,16,940
40602,40602180017,17,837
40602,40602180018,18,668
40602,40602180019,19,494
40602,40602180020,20,349
40603,40603181001,1,281
40701,40701182001,1,755
40701,40701182002,2,231
40701,40701182003,3,887
40701,40701182004,4,640
40701,40701182005,5,703
40701,40701182006,6,938
40701,40701182007,7,880
40701,40701182008,8,155
40701,40701182009,9,402
40701,40701182010,10,393
40701,40701182011,11,233
40701,40701182012,12,710
40701,40701182013,13,831
40701,40701182014,14,101
40701,40701182015,15,337
40701,40701182016,16,720
40702,40702183001,1,785
40702,40702183002,2,704
40702,40702183003,3,864
40702,40702183004,4,578
40702,40702183005,5,99
40702,40702183006,6,979
40702,40702183007,7,730
40702,40702183008,8,533
40702,40702183009,9,841
40801,40801184001,1,368
40802,40802185001,1,546
40802,40802185002,2,986
40802,40802185003,3,355
40802,40802185004,4,641
40802,40802185005,5,811
40802,40802185006,6,239
40802,40802185007,7,256
40802,40802185008,8,113
40802,40802185009,9,860
40802,40802185010,10,66
40802,40802185011,11,946
40802,40802185012,12,148
40901,40901186001,1,888
40901,40901186002,2,517
40901,40901186003,3,737
40901,40901186004,4,845
40901,40901186005,5,747
40901,40901186006,6,114
40901,40901186007,7,132
40901,40901186008,8,867
40901,40901186009,9,171
40901,40901186010,10,944
40901,40901186011,11,630
40901,40901186012,12,876
40901,40901186013,13,928
40902,40902187001,1,114
40902,40902187002,2,782
40902,40902187003,3,593
40902,40902187004,4,711
40902,40902187005,5,382
40902,40902187006,6,208
40902,40902187007,7,909
40903,40903188001,1,442
40903,40903188002,2,738
40903,40903188003,3,490
40903,40903188004,4,688
40903,40903188005,5,470
40903,40903188006,6,83
40903,40903188007,7,496
40903,40903188008,8,351
40903,40903188009,9,66
40903,40903188010,10,23
40903,40903188011,11,966
40903,40903188012,12,833
40903,40903188013,13,962
40903,40903188014,14,410
40903,40903188015,15,213
40903,40903188016,16,840
41001,41001189001,1,149
41001,41001189002,2,251
41001,41001189003,3,967
41001,41001189004,4,576
41001,41001189005,5,426
41001,41001189006,6,357
41001,41001189007,7,227
41101,41101190001,1,538
41101,41101190002,2,842
41101,41101190003,3,444
41101,41101190004,4,205
41101,41101190005,5,50
41201,41201191001,1,636
41201,41201191002,2,917
41202,41202192001,1,349
41202,41202192002,2,398
41202,41202192003,3,249
41202,41202192004,4,598
41202,41202192005,5,403
41202,41202192006,6,998
41202,41202192007,7,48
41202,41202192008,8,695
41202,41202192009,9,316
41202,41202192010,10,539
41202,41202192011,11,320
41202,41202192012,12,143
41202,41202192013,13,167
41202,41202192014,14,821
41202,41202192015,15,427
41202,41202192016,16,352
41301,41301193001,1,179
41301,41301193002,2,106
41301,41301193003,3,242
41301,41301193004,4,616
41301,41301193005,5,476
41301,41301193006,6,74
41301,41301193007,7,970
41301,41301193008,8,848
41301,41301193009,9,5
41301,41301193010,10,890
41301,41301193011,11,837
41301,41301193012,12,613
41301,41301193013,13,8
41301,41301193014,14,24
41301,41301193015,15,665
41301,41301193016,16,155
41401,41401194001,1,785
41401,41401194002,2,63
41401,41401194003,3,637
41401,41401194004,4,65
41401,41401194005,5,287
41501,41501195001,1,994
41501,41501195002,2,99
41501,41501195003,3,222
41501,41501195004,4,131
41501,41501195005,5,939
41501,41501195006,6,417
41501,41501195007,7,126
41501,41501195008,8,615
41501,41501195009,9,782
41501,41501195010,10,881
41501,41501195011,11,778
41501,41501195012,12,889
41501,41501195013,13,48
41501,41501195014,14,135
41502,41502196001,1,190
41502,41502196002,2,457
41502,41502196003,3,15
41502,41502196004,4,636
41502,41502196005,5,700
41502,41502196006,6,337
41502,41502196007,7,961
41502,41502196008,8,517
41502,41502196009,9,306
41502,41502196010,10,971
41502,41502196011,11,411
41502,41502196012,12,472
41503,41503197001,1,225
41503,41503197002,2,378
41503,41503197003,3,754
41503,41503197004,4,901
41503,41503197005,5,327
41601,41601198001,1,775
41601,41601198002,2,229
41601,41601198003,3,670
41601,41601198004,4,215
41601,41601198005,5,252
50101,50101199001,1,750
50101,50101199002,2,849
50101,50101199003,3,524
50101,50101199004,4,423
50101,50101199005,5,84
50101,50101199006,6,707
50101,50101199007,7,836
50101,50101199008,8,290
50101,50101199009,9,523
50101,50101199010,10,471
50101,50101199011,11,991
50101,50101199012,12,120
50101,50101199013,13,21
50101,50101199014,14,103
50101,50101199015,15,559
50102,50102200001,1,206
50102,50102200002,2,872
50102,50102200003,3,972
50102,50102200004,4,368
50102,50102200005,5,65
50102,50102200006,6,308
50102,50102200007,7,580
50102,50102200008,8,363
50102,50102200009,9,649
50102,50102200010,10,811
50102,50102200011,11,79
50102,50102200012,12,112
50102,50102200013,13,941
50102,50102200014,14,770
50102,50102200015,15,154
50103,50103201001,1,849
50103,50103201002,2,559
50103,50103201003,3,848
50103,50103201004,4,577
50103,50103201005,5,384
50103,50103201006,6,597
50103,50103201007,7,708
50103,50103201008,8,958
50103,50103201009,9,552
50103,50103201010,10,475
50103,50103201011,11,471
50103,50103201012,12,26
50103,50103201013,13,639
50103,50103201014,14,69
50103,50103201015,15,148
50103,50103201016,16,515
50103,50103201017,17,421
50103,50103201018,18,251
50103,50103201019,19,865
50104,50104202001,1,771
50104,50104202002,2,499
50104,50104202003,3,542
50201,50201203001,1,718
50201,50201203002,2,893
50201,50201203003,3,610
50201,50201203004,4,848
50201,50201203005,5,193
50201,50201203006,6,115
50201,50201203007,7,825
50201,50201203008,8,854
50201,50201203009,9,880
50201,50201203010,10,231
50201,50201203011,11,68
50201,50201203012,12,567
50201,50201203013,13,255
50201,50201203014,14,159
50201,50201203015,15,437
50201,50201203016,16,35
50202,50202204001,1,757
50202,50202204002,2,967
50202,50202204003,3,250
50202,50202204004,4,438
50202,50202204005,5,920
50202,50202204006,6,712
50202,50202204007,7,272
50202,50202204008,8,552
50203,50203205001,1,153
50203,50203205002,2,586
50203,50203205003,3,385
50203,50203205004,4,674
50203,50203205005,5,551
50203,50203205006,6,856
50203,50203205007,7,334
50203,50203205008,8,109
50203,50203205009,9,289
50203,50203205010,10,267
50203,50203205011,11,542
50203,50203205012,12,148
50203,50203205013,13,906
50203,50203205014,14,97
50203,50203205015,15,680
50203,50203205016,16,79
50203,50203205017,17,202
50203,50203205018,18,262
50204,50204206001,1,343
50204,50204206002,2,92
50204,50204206003,3,246
50204,50204206004,4,22
50301,50301207001,1,377
50301,50301207002,2,564
50302,50302208001,1,749
50302,50302208002,2,449
50302,50302208003,3,501
50302,50302208004,4,955
50302,50302208005,5,624
50302,50302208006,6,793
50302,50302208007,7,627
50302,50302208008,8,695
50303,50303209001,1,527
50303,50303209002,2,512
50303,50303209003,3,12
50303,50303209004,4,99
50303,50303209005,5,461
50303,50303209006,6,290
50303,50303209007,7,810
50303,50303209008,8,575
50303,50303209009,9,836
50303,50303209010,10,122
50303,50303209011,11,148
50401,50401210001,1,801
50401,50401210002,2,888
50401,50401210003,3,869
50402,50402211001,1,385
50402,50402211002,2,763
50402,50402211003,3,392
50403,50403212001,1,170
50403,50403212002,2,864
50403,50403212003,3,997
50403,50403212004,4,620
50403,50403212005,5,902
50403,50403212006,6,635
50403,50403212007,7,162
50404,50404213001,1,357
50404,50404213002,2,471
50405,50405214001,1,391
50405,50405214002,2,715
50405,50405214003,3,970
50405,50405214004,4,68
50405,50405214005,5,149
50405,50405214006,6,69
50405,50405214007,7,558
50405,50405214008,8,706
50405,50405214009,9,859
50405,50405214010,10,719
50405,50405214011,11,3
50405,50405214012,12,276
50405,50405214013,13,920
50501,50501215001,1,334
50501,50501215002,2,381
50501,50501215003,3,421
50501,50501215004,4,384
50501,50501215005,5,904
50501,50501215006,6,84
50501,50501215007,7,466
50501,50501215008,8,888
50502,50502216001,1,274
50502,50502216002,2,67
50502,50502216003,3,828
50502,50502216004,4,498
50502,50502216005,5,576
50502,50502216006,6,843
50502,50502216007,7,195
50502,50502216008,8,847
50601,50601217001,1,758
50602,50602218001,1,189
50602,50602218002,2,596
50602,50602218003,3,522
50602,50602218004,4,292
50602,50602218005,5,743
50602,50602218006,6,129
50602,50602218007,7,917
50602,50602218008,8,798
50602,50602218009,9,753
50602,50602218010,10,961
50701,50701219001,1,638
50701,50701219002,2,281
50701,50701219003,3,159
50701,50701219004,4,846
50701,50701219005,5,741
50701,50701219006,6,792
50701,50701219007,7,969
50701,50701219008,8,105
50701,50701219009,9,189
50701,50701219010,10,490
50701,50701219011,11,704
50701,50701219012,12,490
50701,50701219013,13,553
50701,50701219014,14,327
50702,50702220001,1,630
50702,50702220002,2,622
50702,50702220003,3,183
50702,50702220004,4,695
50702,50702220005,5,815
50702,50702220006,6,354
50702,50702220007,7,927
50702,50702220008,8,52
50702,50702220009,9,601
50702,50702220010,10,518
50801,50801221001,1,969
50801,50801221002,2,215
50801,50801221003,3,955
50802,50802222001,1,483
50802,50802222002,2,659
50802,50802222003,3,36
50802,50802222004,4,177
50802,50802222005,5,345
50802,50802222006,6,957
50802,50802222007,7,564
50802,50802222008,8,923
50802,50802222009,9,772
50802,50802222010,10,268
50802,50802222011,11,956
50802,50802222012,12,180
50802,50802222013,13,830
50802,50802222014,14,708
50802,50802222015,15,53
50802,50802222016,16,671
50802,50802222017,17,199
50802,50802222018,18,789
50802,50802222019,19,825
50802,50802222020,20,718
50901,50901223001,1,194
50901,50901223002,2,922
50901,50901223003,3,530
50901,50901223004,4,641
50902,50902224001,1,354
50902,50902224002,2,82
50902,50902224003,3,601
50902,50902224004,4,31
50902,50902224005,5,680
50902,50902224006,6,535
50902,50902224007,7,796
50902,50902224008,8,863
50902,50902224009,9,288
50902,50902224010,10,369
50902,50902224011,11,21
50902,50902224012,12,59
51001,51001225001,1,662
51001,51001225002,2,891
51001,51001225003,3,91
51001,51001225004,4,550
51001,51001225005,5,341
51001,51001225006,6,710
51001,51001225007,7,474
51001,51001225008,8,64
51001,51001225009,9,626
51001,51001225010,10,925
51001,51001225011,11,483
51001,51001225012,12,630
51001,51001225013,13,293
51001,51001225014,14,393
51001,51001225015,15,898
51001,51001225016,16,737
51001,51001225017,17,763
51001,51001225018,18,963
51002,51002226001,1,959
51002,51002226002,2,736
51002,51002226003,3,503
51002,51002226004,4,27
51002,51002226005,5,125
51002,51002226006,6,376
51002,51002226007,7,988
51002,51002226008,8,976
51002,51002226009,9,561
51002,51002226010,10,119
51003,51003227001,1,195
51003,51003227002,2,533
51003,51003227003,3,894
51003,51003227004,4,866
51003,51003227005,5,745
51003,51003227006,6,298
51003,51003227007,7,171
51003,51003227008,8,294
51003,51003227009,9,354
51003,51003227010,10,503
51003,51003227011,11,863
51003,51003227012,12,5
51003,51003227013,13,126
51003,51003227014,14,259
51003,51003227015,15,969
51003,51003227016,16,268
51003,51003227017,17,555
51003,51003227018,18,252
51003,51003227019,19,317
51101,51101228001,1,166
51101,51101228002,2,797
51101,51101228003,3,686
51101,51101228004,4,355
51101,51101228005,5,673
51102,51102229001,1,372
51102,51102229002,2,666
51102,51102229003,3,972
51102,51102229004,4,249
51102,51102229005,5,388
51102,51102229006,6,79
51102,51102229007,7,783
51102,51102229008,8,416
51102,51102229009,9,587
51103,51103230001,1,329
51103,51103230002,2,671
51103,51103230003,3,857
51103,51103230004,4,544
51103,51103230005,5,812
51103,51103230006,6,667
51103,51103230007,7,5
51103,51103230008,8,190
51103,51103230009,9,759
51103,51103230010,10,558
51103,51103230011,11,931
51103,51103230012,12,926
51103,51103230013,13,240
51201,51201231001,1,360
51201,51201231002,2,324
51201,51201231003,3,764
51201,51201231004,4,510
51201,51201231005,5,510
51201,51201231006,6,199
51201,51201231007,7,378
51201,51201231008,8,370
51201,51201231009,9,485
51201,51201231010,10,315
51201,51201231011,11,693
51201,51201231012,12,151
51201,51201231013,13,943
51201,51201231014,14,947
51201,51201231015,15,522
51201,51201231016,16,515
51201,51201231017,17,44
51201,51201231018,18,418
51201,51201231019,19,489
51202,51202232001,1,490
51202,51202232002,2,365
51202,51202232003,3,194
51202,51202232004,4,282
51202,51202232005,5,333
51202,51202232006,6,812
51202,51202232007,7,101
51203,51203233001,1,83
51203,51203233002,2,304
51203,51203233003,3,536
51203,51203233004,4,655
51203,51203233005,5,911
51203,51203233006,6,106
51203,51203233007,7,696
51203,51203233008,8,212
51203,51203233009,9,249
51203,51203233010,10,736
51203,51203233011,11,674
51203,51203233012,12,797
51203,51203233013,13,195
51203,51203233014,14,280
51203,51203233015,15,142
51301,51301234001,1,214
51301,51301234002,2,805
51301,51301234003,3,252
51301,51301234004,4,986
51301,51301234005,5,38
51301,51301234006,6,9
51301,51301234007,7,446
51302,51302235001,1,132
51302,51302235002,2,783
51302,51302235003,3,146
51302,51302235004,4,897
51302,51302235005,5,99
51302,51302235006,6,568
51302,51302235007,7,965
51302,51302235008,8,222
51302,51302235009,9,250
51302,51302235010,10,707
51302,51302235011,11,436
51401,51401236001,1,166
51401,51401236002,2,460
51401,51401236003,3,4
51401,51401236004,4,895
51401,51401236005,5,313
51401,51401236006,6,353
51401,51401236007,7,686
51401,51401236008,8,124
51401,51401236009,9,670
51401,51401236010,10,520
51401,51401236011,11,586
51401,51401236012,12,548
51401,51401236013,13,620
51401,51401236014,14,481
51401,51401236015,15,677
51401,51401236016,16,336
51401,51401236017,17,611
51401,51401236018,18,587
51402,51402237001,1,281
51402,51402237002,2,591
51402,51402237003,3,350
51402,51402237004,4,629
51402,51402237005,5,966
51402,51402237006,6,404
51402,51402237007,7,462
51501,51501238001,1,192
51501,51501238002,2,507
51501,51501238003,3,155
51501,51501238004,4,11
51501,51501238005,5,776
51501,51501238006,6,637
51501,51501238007,7,763
51501,51501238008,8,287
51501,51501238009,9,977
51501,51501238010,10,246
51501,51501238011,11,155
51501,51501238012,12,314
51501,51501238013,13,912
51501,51501238014,14,281
51601,51601239001,1,284
51601,51601239002,2,253
51601,51601239003,3,423
51601,51601239004,4,545
51601,51601239005,5,427
51601,51601239006,6,345
51601,51601239007,7,981
51601,51601239008,8,369
51601,51601239009,9,91
51601,51601239010,10,313
51601,51601239011,11,849
51601,51601239012,12,686
51601,51601239013,13,531
51601,51601239014,14,558
60101,60101240001,1,647
60101,60101240002,2,962
60101,60101240003,3,785
60101,60101240004,4,155
60101,60101240005,5,523
60101,60101240006,6,416
60101,60101240007,7,586
60101,60101240008,8,682
60101,60101240009,9,976
60101,60101240010,10,404
60101,60101240011,11,493
60101,60101240012,12,762
60101,60101240013,13,916
60101,60101240014,14,277
60201,60201241001,1,647
60201,60201241002,2,290
60201,60201241003,3,524
60201,60201241004,4,772
60201,60201241005,5,918
60201,60201241006,6,565
60201,60201241007,7,791
60201,60201241008,8,720
60201,60201241009,9,452
60201,60201241010,10,826
60201,60201241011,11,961
60201,60201241012,12,96
60201,60201241013,13,429
60201,60201241014,14,808
60201,60201241015,15,835
60201,60201241016,16,320
60202,60202242001,1,216
60202,60202242002,2,784
60202,60202242003,3,737
60202,60202242004,4,641
60202,60202242005,5,830
60202,60202242006,6,438
60202,60202242007,7,235
60202,60202242008,8,556
60202,60202242009,9,520
60202,60202242010,10,939
60202,60202242011,11,692
60202,60202242012,12,477
60202,60202242013,13,423
60202,60202242014,14,927
60202,60202242015,15,691
60301,60301243001,1,203
60301,60301243002,2,576
60301,60301243003,3,492
60301,60301243004,4,640
60301,60301243005,5,736
60301,60301243006,6,134
60301,60301243007,7,891
60301,60301243008,8,616
60301,60301243009,9,669
60301,60301243010,10,767
60301,60301243011,11,351
60302,60302244001,1,522
60303,60303245001,1,538
60303,60303245002,2,702
60303,60303245003,3,40
60303,60303245004,4,712
60303,60303245005,5,721
60303,60303245006,6,85
60303,60303245007,7,424
60303,60303245008,8,993
60401,60401246001,1,895
60401,60401246002,2,471
60401,60401246003,3,61
60401,60401246004,4,629
60401,60401246005,5,150
60401,60401246006,6,165
60401,60401246007,7,837
60402,60402247001,1,77
60402,60402247002,2,72
60402,60402247003,3,86
60402,60402247004,4,485
60402,60402247005,5,313
60402,60402247006,6,184
60402,60402247007,7,520
60402,60402247008,8,290
60402,60402247009,9,451
60402,60402247010,10,941
60501,60501248001,1,942
60501,60501248002,2,669
60501,60501248003,3,714
60501,60501248004,4,478
60502,60502249001,1,853
60502,60502249002,2,523
60502,60502249003,3,383
60502,60502249004,4,130
60502,60502249005,5,453
60502,60502249006,6,357
60502,60502249007,7,101
60502,60502249008,8,427
60601,60601250001,1,804
60601,60601250002,2,27
60601,60601250003,3,331
60601,60601250004,4,438
60601,60601250005,5,776
60601,60601250006,6,209
60601,60601250007,7,355
60601,60601250008,8,503
60601,60601250009,9,293
60601,60601250010,10,444
60601,60601250011,11,743
60601,60601250012,12,736
60601,60601250013,13,110
60601,60601250014,14,815
60601,60601250015,15,13
60601,60601250016,16,319
60601,60601250017,17,369
60601,60601250018,18,128
60601,60601250019,19,537
70101,70101251001,1,196
70101,70101251002,2,540
70102,70102252001,1,162
70102,70102252002,2,191
70102,70102252003,3,236
70102,70102252004,4,135
70103,70103253001,1,976
70103,70103253002,2,527
70103,70103253003,3,813
70103,70103253004,4,877
70103,70103253005,5,645
70103,70103253006,6,832
70103,70103253007,7,847
70103,70103253008,8,440
70103,70103253009,9,790
70103,70103253010,10,653
70103,70103253011,11,502
70103,70103253012,12,499
70103,70103253013,13,373
70103,70103253014,14,935
70103,70103253015,15,288
70104,70104254001,1,987
70104,70104254002,2,692
70104,70104254003,3,690
70104,70104254004,4,469
70104,70104254005,5,699
70104,70104254006,6,524
70105,70105255001,1,758
70105,70105255002,2,403
70105,70105255003,3,650
70201,70201256001,1,482
70201,70201256002,2,108
70201,70201256003,3,871
70201,70201256004,4,731
70201,70201256005,5,870
70201,70201256006,6,596
70201,70201256007,7,282
70201,70201256008,8,27
70201,70201256009,9,219
70201,70201256010,10,587
70201,70201256011,11,877
70201,70201256012,12,847
70201,70201256013,13,460
70201,70201256014,14,807
70202,70202257001,1,635
70301,70301258001,1,636
70301,70301258002,2,31
70302,70302259001,1,338
70302,70302259002,2,291
70302,70302259003,3,785
70302,70302259004,4,347
70302,70302259005,5,942
70302,70302259006,6,58
70302,70302259007,7,734
70302,70302259008,8,145
70302,70302259009,9,815
70302,70302259010,10,673
70302,70302259011,11,52
70302,70302259012,12,954
70303,70303260001,1,882
70303,70303260002,2,562
70303,70303260003,3,733
70303,70303260004,4,574
70303,70303260005,5,93
70303,70303260006,6,722
70303,70303260007,7,183
70303,70303260008,8,921
70303,70303260009,9,58
70303,70303260010,10,176
70303,70303260011,11,291
70303,70303260012,12,343
70401,70401261001,1,340
70401,70401261002,2,131
70401,70401261003,3,48
70401,70401261004,4,940
70401,70401261005,5,647
70401,70401261006,6,907
70401,70401261007,7,510
70402,70402262001,1,723
70402,70402262002,2,665
70402,70402262003,3,219
70402,70402262004,4,852
70402,70402262005,5,366
70402,70402262006,6,833
70402,70402262007,7,287
70403,70403263001,1,703
70403,70403263002,2,335
70403,70403263003,3,568
70403,70403263004,4,790
70403,70403263005,5,403
70403,70403263006,6,559
70403,70403263007,7,930
70403,70403263008,8,683
70403,70403263009,9,217
70403,70403263010,10,662
70403,70403263011,11,726
70403,70403263012,12,127
70403,70403263013,13,758
70403,70403263014,14,62
70403,70403263015,15,359
70403,70403263016,16,127
70403,70403263017,17,455
70403,70403263018,18,678
70404,70404264001,1,629
70404,70404264002,2,263
70404,70404264003,3,584
70404,70404264004,4,721
70404,70404264005,5,542
70404,70404264006,6,737
70404,70404264007,7,899
70404,70404264008,8,504
70404,70404264009,9,405
70404,70404264010,10,905
70404,70404264011,11,222
70404,70404264012,12,823
70404,70404264013,13,641
70404,70404264014,14,706
70404,70404264015,15,979
70404,70404264016,16,221
70404,70404264017,17,204
70501,70501265001,1,243
70501,70501265002,2,94
70501,70501265003,3,484
70501,70501265004,4,745
70501,70501265005,5,142
70501,70501265006,6,439
70501,70501265007,7,31
70501,70501265008,8,297
70501,70501265009,9,83
70501,70501265010,10,126
70501,70501265011,11,907
70501,70501265012,12,621
70501,70501265013,13,799
70502,70502266001,1,519
70503,70503267001,1,15
70503,70503267002,2,349
70503,70503267003,3,422
70503,70503267004,4,91
70601,70601268001,1,869
70602,70602269001,1,69
70602,70602269002,2,873
70602,70602269003,3,824
70602,70602269004,4,318
70602,70602269005,5,653
70602,70602269006,6,980
70602,70602269007,7,560
70602,70602269008,8,562
70602,70602269009,9,848
70602,70602269010,10,669
70602,70602269011,11,125
70602,70602269012,12,871
70602,70602269013,13,113
70602,70602269014,14,380
70602,70602269015,15,744
70602,70602269016,16,132
70602,70602269017,17,118
70602,70602269018,18,548
70602,70602269019,19,228
70602,70602269020,20,782
70603,70603270001,1,685
70603,70603270002,2,751
70603,70603270003,3,104
70603,70603270004,4,15
70603,70603270005,5,415
70603,70603270006,6,662
70603,70603270007,7,667
70701,70701271001,1,27
70701,70701271002,2,882
70701,70701271003,3,486
70702,70702272001,1,558
70702,70702272002,2,36
70702,70702272003,3,541
70702,70702272004,4,669
70702,70702272005,5,690
70702,70702272006,6,654
70702,70702272007,7,706
70702,70702272008,8,60
70702,70702272009,9,868
70702,70702272010,10,628
70702,70702272011,11,230
70702,70702272012,12,815
70702,70702272013,13,692
70702,70702272014,14,712
70702,70702272015,15,495
70702,70702272016,16,900
70702,70702272017,17,437
70702,70702272018,18,817
70702,70702272019,19,832
70702,70702272020,20,821
70703,70703273001,1,255
70703,70703273002,2,386
70703,70703273003,3,736
70703,70703273004,4,108
70703,70703273005,5,303
70703,70703273006,6,311
70703,70703273007,7,216
70703,70703273008,8,28
70703,70703273009,9,589
70703,70703273010,10,867
70703,70703273011,11,173
70704,70704274001,1,571
70704,70704274002,2,615
70704,70704274003,3,720
70704,70704274004,4,67
70704,70704274005,5,157
70704,70704274006,6,397
70704,70704274007,7,804
70704,70704274008,8,216
70704,70704274009,9,691
70704,70704274010,10,216
70704,70704274011,11,483
70704,70704274012,12,607
70705,70705275001,1,276
70705,70705275002,2,229
70705,70705275003,3,382
70705,70705275004,4,669
70705,70705275005,5,499
70705,70705275006,6,971
70705,70705275007,7,300
70705,70705275008,8,978
70705,70705275009,9,413
70705,70705275010,10,797
70705,70705275011,11,86
70705,70705275012,12,939
70705,70705275013,13,448
70705,70705275014,14,911
70705,70705275015,15,182
70705,70705275016,16,351
70705,70705275017,17,945
70705,70705275018,18,729
70705,70705275019,19,105
70706,70706276001,1,311
70706,70706276002,2,790
70706,70706276003,3,906
70707,70707277001,1,41
70707,70707277002,2,879
70707,70707277003,3,997
70707,70707277004,4,720
70707,70707277005,5,521
70707,70707277006,6,759
70707,70707277007,7,123
70707,70707277008,8,66
70707,70707277009,9,72
70707,70707277010,10,768
70707,70707277011,11,687
70707,70707277012,12,527
70707,70707277013,13,263
70707,70707277014,14,50
70707,70707277015,15,323
70707,70707277016,16,946
70707,70707277017,17,176
70707,70707277018,18,799
70707,70707277019,19,363
70707,70707277020,20,156
70801,70801278001,1,249
70801,70801278002,2,790
70801,70801278003,3,890
70801,70801278004,4,582
70801,70801278005,5,783
70802,70802279001,1,62
70802,70802279002,2,651
70803,70803280001,1,756
70803,70803280002,2,288
70803,70803280003,3,270
70804,70804281001,1,446
70804,70804281002,2,89
70804,70804281003,3,998
70804,70804281004,4,135
70804,70804281005,5,965
70804,70804281006,6,483
70804,70804281007,7,63
70804,70804281008,8,956
70804,70804281009,9,469
70804,70804281010,10,450
70804,70804281011,11,442
70804,70804281012,12,288
70804,70804281013,13,409
70804,70804281014,14,402
70804,70804281015,15,90
70804,70804281016,16,758
70804,70804281017,17,877
70805,70805282001,1,758
70901,70901283001,1,3
70901,70901283002,2,99
70901,70901283003,3,174
70901,70901283004,4,336
70901,70901283005,5,985
70901,70901283006,6,807
70901,70901283007,7,827
70901,70901283008,8,580
70901,70901283009,9,917
70901,70901283010,10,44
70901,70901283011,11,873
70901,70901283012,12,249
70901,70901283013,13,873
70901,70901283014,14,783
70901,70901283015,15,651
70901,70901283016,16,928
70901,70901283017,17,831
70901,70901283018,18,780
70901,70901283019,19,971
70902,70902284001,1,90
70902,70902284002,2,980
70902,70902284003,3,798
70902,70902284004,4,197
70902,70902284005,5,761
70902,70902284006,6,559
70902,70902284007,7,280
70902,70902284008,8,118
70902,70902284009,9,215
70902,70902284010,10,175
70902,70902284011,11,388
70902,70902284012,12,779
70902,70902284013,13,554
70902,70902284014,14,242
70902,70902284015,15,313
70902,70902284016,16,664
70902,70902284017,17,940
70902,70902284018,18,830
70902,70902284019,19,161
70903,70903285001,1,889
70903,70903285002,2,976
70903,70903285003,3,257
70903,70903285004,4,613
70903,70903285005,5,396
70903,70903285006,6,985
70903,70903285007,7,657
70903,70903285008,8,807
70904,70904286001,1,837
70904,70904286002,2,544
70904,70904286003,3,579
70904,70904286004,4,27
70904,70904286005,5,462
70904,70904286006,6,71
70904,70904286007,7,838
70904,70904286008,8,914
70904,70904286009,9,443
70904,70904286010,10,536
70904,70904286011,11,25
70904,70904286012,12,284
70904,70904286013,13,640
70904,70904286014,14,104
70904,70904286015,15,518
70904,70904286016,16,250
70904,70904286017,17,511
70904,70904286018,18,688
71001,71001287001,1,649
71001,71001287002,2,267
71001,71001287003,3,738
71001,71001287004,4,265
71001,71001287005,5,539
71001,71001287006,6,736
71001,71001287007,7,766
71001,71001287008,8,583
71001,71001287009,9,296
71001,71001287010,10,964
71002,71002288001,1,908
71003,71003289001,1,47
71003,71003289002,2,965
71003,71003289003,3,919
71003,71003289004,4,273
71004,71004290001,1,169
71004,71004290002,2,595
71004,71004290003,3,259
71004,71004290004,4,440
71004,71004290005,5,570
71004,71004290006,6,265
71004,71004290007,7,280
71004,71004290008,8,491
71004,71004290009,9,566
71004,71004290010,10,229
71004,71004290011,11,168
71004,71004290012,12,897
71004,71004290013,13,748
71005,71005291001,1,972
71005,71005291002,2,557
71005,71005291003,3,899
71005,71005291004,4,260
71005,71005291005,5,197
71005,71005291006,6,641
71005,71005291007,7,201
71005,71005291008,8,353
71005,71005291009,9,835
71005,71005291010,10,194
71005,71005291011,11,976
71005,71005291012,12,473
71005,71005291013,13,852
71005,71005291014,14,857
71005,71005291015,15,267
71005,71005291016,16,830
71005,71005291017,17,2
71101,71101292001,1,350
71101,71101292002,2,610
71101,71101292003,3,821
71101,71101292004,4,835
71101,71101292005,5,76
71101,71101292006,6,955
71101,71101292007,7,149
71101,71101292008,8,801
71101,71101292009,9,207
71101,71101292010,10,925
71101,71101292011,11,113
71101,71101292012,12,452
71101,71101292013,13,571
71101,71101292014,14,817
71101,71101292015,15,972
71101,71101292016,16,341
71101,71101292017,17,299
71101,71101292018,18,414
71101,71101292019,19,16
71102,71102293001,1,588
71102,71102293002,2,598
71102,71102293003,3,98
71102,71102293004,4,44
71102,71102293005,5,966
71102,71102293006,6,424
71102,71102293007,7,964
71102,71102293008,8,174
71102,71102293009,9,279
71102,71102293010,10,374
71102,71102293011,11,586
71102,71102293012,12,164
71102,71102293013,13,382
71102,71102293014,14,941
71102,71102293015,15,949
71102,71102293016,16,996
71102,71102293017,17,363
71102,71102293018,18,14
71102,71102293019,19,96
71102,71102293020,20,766
71103,71103294001,1,156
71103,71103294002,2,263
71103,71103294003,3,136
71103,71103294004,4,204
71103,71103294005,5,19
71103,71103294006,6,523
71103,71103294007,7,771
71103,71103294008,8,481
71103,71103294009,9,882
71103,71103294010,10,317
71103,71103294011,11,434
71103,71103294012,12,603
71103,71103294013,13,813
71103,71103294014,14,324
71103,71103294015,15,482
71103,71103294016,16,457
71103,71103294017,17,155
71103,71103294018,18,378
71103,71103294019,19,650
71104,71104295001,1,61
71104,71104295002,2,606
71104,71104295003,3,503
71104,71104295004,4,243
71104,71104295005,5,976
71105,71105296001,1,116
71105,71105296002,2,761
71105,71105296003,3,781
71105,71105296004,4,625
71105,71105296005,5,710
71105,71105296006,6,929
71105,71105296007,7,390
71105,71105296008,8,171
71105,71105296009,9,184
71105,71105296010,10,369
71105,71105296011,11,499
71105,71105296012,12,574
71106,71106297001,1,348
71106,71106297002,2,85
71106,71106297003,3,972
71106,71106297004,4,677
71106,71106297005,5,221
71106,71106297006,6,465
71106,71106297007,7,786
71106,71106297008,8,21
71106,71106297009,9,25
71106,71106297010,10,254
71106,71106297011,11,748
71106,71106297012,12,218
71106,71106297013,13,186
71201,71201298001,1,147
71201,71201298002,2,864
71201,71201298003,3,21
71201,71201298004,4,854
71201,71201298005,5,544
71201,71201298006,6,197
71201,71201298007,7,734
71201,71201298008,8,830
71201,71201298009,9,603
71201,71201298010,10,884
71201,71201298011,11,361
71201,71201298012,12,885
71201,71201298013,13,350
71201,71201298014,14,915
71301,71301299001,1,13
71301,71301299002,2,544
71301,71301299003,3,441
71301,71301299004,4,329
71301,71301299005,5,885
71301,71301299006,6,869
71301,71301299007,7,914
71301,71301299008,8,104
71301,71301299009,9,290
71301,71301299010,10,733
71302,71302300001,1,404
71302,71302300002,2,365
71302,71302300003,3,504
71302,71302300004,4,728
71302,71302300005,5,268
71401,71401301001,1,698
71401,71401301002,2,442
71401,71401301003,3,774
71401,71401301004,4,797
71401,71401301005,5,856
71401,71401301006,6,194
71402,71402302001,1,877
71402,71402302002,2,183
71402,71402302003,3,306
71402,71402302004,4,320
71402,71402302005,5,407
71402,71402302006,6,799
71402,71402302007,7,225
71402,71402302008,8,905
71403,71403303001,1,75
71403,71403303002,2,653
71403,71403303003,3,332
71403,71403303004,4,309
71501,71501304001,1,819
71501,71501304002,2,257
71501,71501304003,3,635
71501,71501304004,4,781
71501,71501304005,5,463
71501,71501304006,6,320
71501,71501304007,7,581
71501,71501304008,8,59
71501,71501304009,9,876
71501,71501304010,10,301
71501,71501304011,11,286
71501,71501304012,12,116
71501,71501304013,13,13
71501,71501304014,14,957
71501,71501304015,15,664
71501,71501304016,16,740
71502,71502305001,1,977
71502,71502305002,2,595
71502,71502305003,3,767
71502,71502305004,4,994
71502,71502305005,5,369
71502,71502305006,6,345
71502,71502305007,7,810
71502,71502305008,8,659
71502,71502305009,9,106
71502,71502305010,10,889
71502,71502305011,11,912
71502,71502305012,12,200
71502,71502305013,13,509
71503,71503306001,1,673
71503,71503306002,2,455
71503,71503306003,3,895
71503,71503306004,4,544
71503,71503306005,5,4
71503,71503306006,6,220
71503,71503306007,7,529
71503,71503306008,8,828
80101,80101307001,1,524
80101,80101307002,2,856
80101,80101307003,3,174
80101,80101307004,4,217
80101,80101307005,5,150
80101,80101307006,6,215
80101,80101307007,7,911
80101,80101307008,8,762
80101,80101307009,9,188
80102,80102308001,1,332
80102,80102308002,2,912
80201,80201309001,1,278
80201,80201309002,2,395
80201,80201309003,3,995
80201,80201309004,4,963
80201,80201309005,5,386
80201,80201309006,6,176
80201,80201309007,7,102
80201,80201309008,8,761
80201,80201309009,9,489
80201,80201309010,10,746
80201,80201309011,11,110
80201,80201309012,12,337
80201,80201309013,13,199
80201,80201309014,14,987
80201,80201309015,15,618
80201,80201309016,16,949
80201,80201309017,17,144
80201,80201309018,18,366
80201,80201309019,19,47
80202,80202310001,1,3
80202,80202310002,2,476
80202,80202310003,3,838
80202,80202310004,4,22
80202,80202310005,5,710
80202,80202310006,6,472
80202,80202310007,7,912
80202,80202310008,8,530
80202,80202310009,9,928
80202,80202310010,10,170
80202,80202310011,11,905
80202,80202310012,12,832
80202,80202310013,13,855
80202,80202310014,14,47
80202,80202310015,15,96
80202,80202310016,16,634
80202,80202310017,17,965
80301,80301311001,1,99
80301,80301311002,2,203
80301,80301311003,3,891
80301,80301311004,4,449
80301,80301311005,5,958
80301,80301311006,6,414
80301,80301311007,7,914
80301,80301311008,8,479
80301,80301311009,9,152
80301,80301311010,10,591
80301,80301311011,11,877
80301,80301311012,12,438
80301,80301311013,13,377
80301,80301311014,14,359
80301,80301311015,15,904
80302,80302312001,1,175
80303,80303313001,1,89
80303,80303313002,2,840
80303,80303313003,3,182
80303,80303313004,4,680
80303,80303313005,5,134
80303,80303313006,6,382
80304,80304314001,1,347
80304,80304314002,2,660
80304,80304314003,3,398
80304,80304314004,4,274
80304,80304314005,5,464
80304,80304314006,6,872
80304,80304314007,7,842
80304,80304314008,8,929
80304,80304314009,9,442
80304,80304314010,10,390
80304,80304314011,11,795
80304,80304314012,12,525
80304,80304314013,13,870
80401,80401315001,1,732
80401,80401315002,2,907
80402,80402316001,1,267
80402,80402316002,2,363
80402,80402316003,3,483
80402,80402316004,4,956
80402,80402316005,5,363
80402,80402316006,6,381
80402,80402316007,7,56
80402,80402316008,8,201
80402,80402316009,9,379
80402,80402316010,10,2
80402,80402316011,11,182
80402,80402316012,12,325
80402,80402316013,13,795
80402,80402316014,14,563
80402,80402316015,15,810
80402,80402316016,16,733
80402,80402316017,17,775
80402,80402316018,18,700
80501,80501317001,1,208
80501,80501317002,2,287
80501,80501317003,3,478
80501,80501317004,4,719
80601,80601318001,1,577
80601,80601318002,2,676
80601,80601318003,3,119
80601,80601318004,4,867
80601,80601318005,5,942
80601,80601318006,6,497
80601,80601318007,7,187
80601,80601318008,8,263
80601,80601318009,9,207
80601,80601318010,10,324
80601,80601318011,11,946
80601,80601318012,12,190
80602,80602319001,1,610
80602,80602319002,2,669
80602,80602319003,3,714
80602,80602319004,4,702
80602,80602319005,5,947
80602,80602319006,6,23
80602,80602319007,7,786
80602,80602319008,8,629
80602,80602319009,9,335
80602,80602319010,10,58
80602,80602319011,11,608
80602,80602319012,12,180
80602,80602319013,13,183
80602,80602319014,14,461
80602,80602319015,15,905
80602,80602319016,16,757
80602,80602319017,17,643
80701,80701320001,1,723
80701,80701320002,2,817
80702,80702321001,1,230
80702,80702321002,2,394
80702,80702321003,3,14
80702,80702321004,4,568
80702,80702321005,5,974
80702,80702321006,6,779
80703,80703322001,1,814
80703,80703322002,2,80
80703,80703322003,3,231
80703,80703322004,4,735
80703,80703322005,5,275
80703,80703322006,6,60
80703,80703322007,7,433
80703,80703322008,8,589
80801,80801323001,1,289
80801,80801323002,2,446
80801,80801323003,3,455
80801,80801323004,4,867
80801,80801323005,5,564
80801,80801323006,6,503
80801,80801323007,7,310
80801,80801323008,8,458
80801,80801323009,9,454
80801,80801323010,10,462
80801,80801323011,11,702
80801,80801323012,12,987
80801,80801323013,13,173
80802,80802324001,1,92
80802,80802324002,2,74
80802,80802324003,3,85
80802,80802324004,4,80
80802,80802324005,5,858
80802,80802324006,6,782
80802,80802324007,7,744
80802,80802324008,8,745
80802,80802324009,9,46
80802,80802324010,10,410
80803,80803325001,1,114
80803,80803325002,2,725
80803,80803325003,3,587
80803,80803325004,4,456
80803,80803325005,5,544
80803,80803325006,6,682
80803,80803325007,7,671
80803,80803325008,8,948
90101,90101326001,1,988
90101,90101326002,2,848
90101,90101326003,3,929
90101,90101326004,4,11
90101,90101326005,5,427
90101,90101326006,6,741
90101,90101326007,7,469
90101,90101326008,8,153
90101,90101326009,9,447
90101,90101326010,10,113
90101,90101326011,11,744
90101,90101326012,12,862
90101,90101326013,13,787
90101,90101326014,14,888
90101,90101326015,15,881
90102,90102327001,1,74
90102,90102327002,2,64
90102,90102327003,3,256
90102,90102327004,4,877
90102,90102327005,5,925
90102,90102327006,6,734
90102,90102327007,7,696
90102,90102327008,8,303
90102,90102327009,9,507
90102,90102327010,10,343
90102,90102327011,11,208
90102,90102327012,12,483
90102,90102327013,13,627
90102,90102327014,14,918
90102,90102327015,15,182
90103,90103328001,1,73
90103,90103328002,2,477
90103,90103328003,3,119
90103,90103328004,4,334
90103,90103328005,5,37
90103,90103328006,6,246
90103,90103328007,7,25
90103,90103328008,8,960
90103,90103328009,9,14
90103,90103328010,10,915
90103,90103328011,11,7
90103,90103328012,12,411
90103,90103328013,13,638
90103,90103328014,14,143
90103,90103328015,15,822
90103,90103328016,16,76
90103,90103328017,17,894
90103,90103328018,18,336
90103,90103328019,19,351
90103,90103328020,20,972
90104,90104329001,1,105
90104,90104329002,2,515
90104,90104329003,3,685
90104,90104329004,4,698
90104,90104329005,5,562
90104,90104329006,6,131
90104,90104329007,7,275
90104,90104329008,8,816
90104,90104329009,9,121
90104,90104329010,10,700
90104,90104329011,11,56
90104,90104329012,12,709
90104,90104329013,13,5
90201,90201330001,1,155
90201,90201330002,2,118
90201,90201330003,3,438
90201,90201330004,4,264
90201,90201330005,5,655
90202,90202331001,1,971
90202,90202331002,2,4
90202,90202331003,3,539
90202,90202331004,4,258
90202,90202331005,5,326
90202,90202331006,6,531
90202,90202331007,7,102
90203,90203332001,1,631
90203,90203332002,2,588
90203,90203332003,3,916
90203,90203332004,4,858
90203,90203332005,5,76
90203,90203332006,6,983
90203,90203332007,7,410
90301,90301333001,1,567
90301,90301333002,2,98
90301,90301333003,3,971
90301,90301333004,4,627
90302,90302334001,1,410
90302,90302334002,2,36
90302,90302334003,3,117
90302,90302334004,4,591
90302,90302334005,5,114
90302,90302334006,6,779
90302,90302334007,7,148
90303,90303335001,1,654
90303,90303335002,2,621
90303,90303335003,3,119
90303,90303335004,4,256
90303,90303335005,5,955
90303,90303335006,6,23
90303,90303335007,7,515
90303,90303335008,8,83
90303,90303335009,9,829
90303,90303335010,10,732
90303,90303335011,11,414
90303,90303335012,12,339
90401,90401336001,1,738
90401,90401336002,2,697
90401,90401336003,3,79
90401,90401336004,4,501
90401,90401336005,5,862
90401,90401336006,6,489
90401,90401336007,7,656
90401,90401336008,8,842
90401,90401336009,9,799
90401,90401336010,10,536
90401,90401336011,11,987
90401,90401336012,12,743
90401,90401336013,13,97
90401,90401336014,14,424
90401,90401336015,15,82
90401,90401336016,16,298
90401,90401336017,17,592
90401,90401336018,18,628
90402,90402337001,1,78
90402,90402337002,2,227
90402,90402337003,3,780
90402,90402337004,4,100
90402,90402337005,5,758
90402,90402337006,6,761
90402,90402337007,7,397
90402,90402337008,8,391
90402,90402337009,9,225
90402,90402337010,10,293
90402,90402337011,11,823
90402,90402337012,12,378
90402,90402337013,13,690
90402,90402337014,14,15
90402,90402337015,15,57
90402,90402337016,16,330
90402,90402337017,17,741
90402,90402337018,18,904
90402,90402337019,19,537
90402,90402337020,20,838
90501,90501338001,1,543
90501,90501338002,2,547
90501,90501338003,3,284
90501,90501338004,4,545
90501,90501338005,5,567
90501,90501338006,6,365
90501,90501338007,7,864
90501,90501338008,8,766
90501,90501338009,9,243
90501,90501338010,10,922
90501,90501338011,11,722
90502,90502339001,1,146
90502,90502339002,2,928
90502,90502339003,3,23
90502,90502339004,4,298
90502,90502339005,5,409
90502,90502339006,6,469
90502,90502339007,7,183
90502,90502339008,8,799
90502,90502339009,9,503
90502,90502339010,10,792
90502,90502339011,11,477
90502,90502339012,12,276
90502,90502339013,13,360
90502,90502339014,14,294
90503,90503340001,1,519
90503,90503340002,2,258
90503,90503340003,3,38
90503,90503340004,4,632
90503,90503340005,5,340
90503,90503340006,6,689
90503,90503340007,7,641
90503,90503340008,8,596
90503,90503340009,9,560
90503,90503340010,10,665
90503,90503340011,11,706
90503,90503340012,12,870